workload,layer_idx,layer_name,dataflow,mem_layout,combo_label,array_size,spad_depth,data_width,n_mem_ports,off_chip_accesses,cycles,speedup,throughput_gops,energy_normalized,energy_pJ
MobileNetV2,1,mv2_init,OS,ROW_MAJOR,OS-RM,16,16384,16,4,51449.6,203,0.7142857142857143,8716.610837438424,1.401743679163034,6621408.0
MobileNetV2,1,mv2_init,OS,COLUMN_MAJOR,OS-CM,16,16384,16,4,45879.04,181,0.8011049723756906,9776.088397790056,1.2499738448125546,5952208.0
MobileNetV2,1,mv2_init,OS,CHANNEL_MAJOR,OS-ChM,16,16384,16,4,36704.0,145,1.0,12203.255172413794,1.0,4850688.0
MobileNetV2,1,mv2_init,IS,ROW_MAJOR,IS-RM,16,16384,16,4,36704.0,1083,0.13388734995383195,1633.8614958448754,1.0,4850688.0
MobileNetV2,1,mv2_init,IS,COLUMN_MAJOR,IS-CM,16,16384,16,4,37072.8875,1093,0.13266239707227814,1618.9130832570906,1.010050335113339,4894928.0
MobileNetV2,1,mv2_init,IS,CHANNEL_MAJOR,IS-ChM,16,16384,16,4,37318.79375,1101,0.13169845594913715,1607.149863760218,1.016750047678727,4924048.0
MobileNetV2,1,mv2_init,WS,ROW_MAJOR,WS-RM,16,16384,16,4,36874.56,3095,0.046849757673667204,571.7195476575121,1.0046469049694855,4870848.0
MobileNetV2,1,mv2_init,WS,COLUMN_MAJOR,WS-CM,16,16384,16,4,36704.0,3081,0.04706264199935086,574.317429406037,1.0,4850688.0
MobileNetV2,1,mv2_init,WS,CHANNEL_MAJOR,WS-ChM,16,16384,16,4,36801.28,3089,0.04694075752670767,572.8300420848171,1.0026503923278116,4861888.0
MobileNetV2,2,mv2_expand,OS,ROW_MAJOR,OS-RM,16,16384,16,4,41984.0,80,0.8625,19660.8,1.1714285714285715,15171056.0
MobileNetV2,2,mv2_expand,OS,COLUMN_MAJOR,OS-CM,16,16384,16,4,39444.48,75,0.92,20971.52,1.1005714285714288,14277296.0
MobileNetV2,2,mv2_expand,OS,CHANNEL_MAJOR,OS-ChM,16,16384,16,4,35840.0,69,1.0,22795.130434782608,1.0,13008896.0
MobileNetV2,2,mv2_expand,IS,ROW_MAJOR,IS-RM,16,16384,16,4,35840.0,453,0.152317880794702,3472.1059602649007,1.0,13008896.0
MobileNetV2,2,mv2_expand,IS,COLUMN_MAJOR,IS-CM,16,16384,16,4,36851.19999999999,465,0.14838709677419354,3382.5032258064516,1.0282142857142855,13364496.0
MobileNetV2,2,mv2_expand,IS,CHANNEL_MAJOR,IS-ChM,16,16384,16,4,37523.2,474,0.14556962025316456,3318.278481012658,1.0469642857142856,13601376.0
MobileNetV2,2,mv2_expand,WS,ROW_MAJOR,WS-RM,16,16384,16,4,36669.44,8398,0.008216241962371994,187.2903072160038,1.0231428571428571,13300656.0
MobileNetV2,2,mv2_expand,WS,COLUMN_MAJOR,WS-CM,16,16384,16,4,35840.0,8209,0.00840540869777074,191.60238762334023,1.0,13008896.0
MobileNetV2,2,mv2_expand,WS,CHANNEL_MAJOR,WS-ChM,16,16384,16,4,36339.2,8323,0.008290279947134447,188.9780127357924,1.0139285714285713,13184176.0
MobileNetV2,3,mv2_dw,OS,ROW_MAJOR,OS-RM,16,16384,16,4,138240.0,942,0.9564755838641189,45082.08917197452,1.0465116279069768,136639792.0
MobileNetV2,3,mv2_dw,OS,COLUMN_MAJOR,OS-CM,16,16384,16,4,135700.48,925,0.9740540540540541,45910.62486486486,1.0272868217054265,134324752.0
MobileNetV2,3,mv2_dw,OS,CHANNEL_MAJOR,OS-ChM,16,16384,16,4,132096.0,901,1.0,47133.549389567146,1.0,131039232.0
MobileNetV2,3,mv2_dw,IS,ROW_MAJOR,IS-RM,16,16384,16,4,132096.0,5445,0.1654729109274564,7799.325619834711,1.0,131039232.0
MobileNetV2,3,mv2_dw,IS,COLUMN_MAJOR,IS-CM,16,16384,16,4,135298.56,5577,0.1615563923256231,7614.726196880043,1.0242441860465117,133958512.0
MobileNetV2,3,mv2_dw,IS,CHANNEL_MAJOR,IS-ChM,16,16384,16,4,137414.4,5664,0.15907485875706215,7497.762711864407,1.0402616279069767,135887152.0
MobileNetV2,3,mv2_dw,WS,ROW_MAJOR,WS-RM,16,16384,16,4,144906.24,27320,0.032979502196193264,1554.4409956076136,1.0969767441860465,142716912.0
MobileNetV2,3,mv2_dw,WS,COLUMN_MAJOR,WS-CM,16,16384,16,4,132096.0,24905,0.03617747440273038,1705.1727765508933,1.0,131039232.0
MobileNetV2,3,mv2_dw,WS,CHANNEL_MAJOR,WS-ChM,16,16384,16,4,138984.96000000002,26203,0.03438537572033737,1620.7048047933442,1.0521511627906979,137319072.0
MobileNetV2,4,mv2_proj,OS,ROW_MAJOR,OS-RM,16,16384,16,4,52019.19999999999,146,0.910958904109589,21546.08219178082,1.1043478260869564,38782992.0
MobileNetV2,4,mv2_proj,OS,COLUMN_MAJOR,OS-CM,16,16384,16,4,50053.119999999995,141,0.9432624113475178,22310.127659574468,1.0626086956521739,37346592.0
MobileNetV2,4,mv2_proj,OS,CHANNEL_MAJOR,OS-ChM,16,16384,16,4,47104.0,133,1.0,23652.09022556391,1.0,35192832.0
MobileNetV2,4,mv2_proj,IS,ROW_MAJOR,IS-RM,16,16384,16,4,47104.0,645,0.2062015503875969,4877.097674418605,1.0,35192832.0
MobileNetV2,4,mv2_proj,IS,COLUMN_MAJOR,IS-CM,16,16384,16,4,50306.56,688,0.1933139534883721,4572.279069767442,1.0679891304347826,37531952.0
MobileNetV2,4,mv2_proj,IS,CHANNEL_MAJOR,IS-ChM,16,16384,16,4,52422.399999999994,717,0.18549511854951187,4387.347280334728,1.112907608695652,39077552.0
MobileNetV2,4,mv2_proj,WS,ROW_MAJOR,WS-RM,16,16384,16,4,48189.44000000001,25171,0.005283858408485956,124.97429581661436,1.0230434782608697,35985232.0
MobileNetV2,4,mv2_proj,WS,COLUMN_MAJOR,WS-CM,16,16384,16,4,47104.0,24605,0.005405405405405406,127.84913635439952,1.0,35192832.0
MobileNetV2,4,mv2_proj,WS,CHANNEL_MAJOR,WS-ChM,16,16384,16,4,47708.16,24920,0.0053370786516853935,126.2330658105939,1.0128260869565218,35634112.0
EfficientDet-Lite0,1,edet_p3,OS,ROW_MAJOR,OS-RM,16,16384,16,4,155520.0,2519,0.815005954743946,14634.378721714966,1.2272727272727273,95427440.0
EfficientDet-Lite0,1,edet_p3,OS,COLUMN_MAJOR,OS-CM,16,16384,16,4,144640.0,2343,0.8762270593256509,15733.674775928297,1.1414141414141414,89395680.0
EfficientDet-Lite0,1,edet_p3,OS,CHANNEL_MAJOR,OS-ChM,16,16384,16,4,126720.0,2053,1.0,17956.161714564052,1.0,79462400.0
EfficientDet-Lite0,1,edet_p3,IS,ROW_MAJOR,IS-RM,16,16384,16,4,126720.0,2469,0.83151073309032,14930.741190765491,1.0,79462400.0
EfficientDet-Lite0,1,edet_p3,IS,COLUMN_MAJOR,IS-CM,16,16384,16,4,132892.16,2589,0.7929702587871765,14238.702201622247,1.0487070707070707,82883440.0
EfficientDet-Lite0,1,edet_p3,IS,CHANNEL_MAJOR,IS-ChM,16,16384,16,4,137004.8,2669,0.7692019482952417,13811.914574747096,1.081161616161616,85163200.0
EfficientDet-Lite0,1,edet_p3,WS,ROW_MAJOR,WS-RM,16,16384,16,4,128512.00000000001,51983,0.039493680626358614,709.1549160302407,1.0141414141414142,80455280.0
EfficientDet-Lite0,1,edet_p3,WS,COLUMN_MAJOR,WS-CM,16,16384,16,4,126720.0,51259,0.040051503150666225,719.1712674847344,1.0,79462400.0
EfficientDet-Lite0,1,edet_p3,WS,CHANNEL_MAJOR,WS-ChM,16,16384,16,4,127685.6,51649,0.03974907549032895,713.7408275087611,1.0076199494949496,79997200.0
EfficientDet-Lite0,2,edet_p4,OS,ROW_MAJOR,OS-RM,16,16384,16,4,74480.0,872,0.8681192660550459,21137.61467889908,1.1522277227722773,54988400.0
EfficientDet-Lite0,2,edet_p4,OS,COLUMN_MAJOR,OS-CM,16,16384,16,4,70688.0,827,0.9153567110036276,22287.787182587665,1.0935643564356436,52423600.0
EfficientDet-Lite0,2,edet_p4,OS,CHANNEL_MAJOR,OS-ChM,16,16384,16,4,64640.0,757,1.0,24348.745046235137,1.0,48332800.0
EfficientDet-Lite0,2,edet_p4,IS,ROW_MAJOR,IS-RM,16,16384,16,4,64640.0,1845,0.4102981029810298,9990.243902439024,1.0,48332800.0
EfficientDet-Lite0,2,edet_p4,IS,COLUMN_MAJOR,IS-CM,16,16384,16,4,66604.0,1901,0.398211467648606,9695.94950026302,1.0303836633663366,49661120.0
EfficientDet-Lite0,2,edet_p4,IS,CHANNEL_MAJOR,IS-ChM,16,16384,16,4,67910.0,1938,0.39060887512899894,9510.835913312694,1.0505878712871286,50544240.0
EfficientDet-Lite0,2,edet_p4,WS,ROW_MAJOR,WS-RM,16,16384,16,4,68259.84,16998,0.0445346511354277,1084.3628662195551,1.056,50781120.0
EfficientDet-Lite0,2,edet_p4,WS,COLUMN_MAJOR,WS-CM,16,16384,16,4,64640.0,16097,0.047027396409268805,1145.05808535752,1.0,48332800.0
EfficientDet-Lite0,2,edet_p4,WS,CHANNEL_MAJOR,WS-ChM,16,16384,16,4,66595.84,16584,0.04564640617462615,1111.4327062228654,1.0302574257425743,49655520.0
EfficientDet-Lite0,3,edet_lat,OS,ROW_MAJOR,OS-RM,16,16384,16,4,65136.0,194,0.8505154639175257,16890.721649484534,1.1779513888888888,39996800.0
EfficientDet-Lite0,3,edet_lat,OS,COLUMN_MAJOR,OS-CM,16,16384,16,4,61344.0,183,0.9016393442622951,17906.01092896175,1.109375,37716480.0
EfficientDet-Lite0,3,edet_lat,OS,CHANNEL_MAJOR,OS-ChM,16,16384,16,4,55296.0,165,1.0,19859.39393939394,1.0,34078720.0
EfficientDet-Lite0,3,edet_lat,IS,ROW_MAJOR,IS-RM,16,16384,16,4,55296.0,661,0.24962178517397882,4957.337367624811,1.0,34078720.0
EfficientDet-Lite0,3,edet_lat,IS,COLUMN_MAJOR,IS-CM,16,16384,16,4,58480.64,699,0.23605150214592274,4687.839771101574,1.0575925925925926,35993920.0
EfficientDet-Lite0,3,edet_lat,IS,CHANNEL_MAJOR,IS-ChM,16,16384,16,4,60595.2,724,0.22790055248618785,4525.96685082873,1.0958333333333332,37265680.0
EfficientDet-Lite0,3,edet_lat,WS,ROW_MAJOR,WS-RM,16,16384,16,4,56074.240000000005,25981,0.006350794811593087,126.12293599168623,1.0140740740740741,34546320.0
EfficientDet-Lite0,3,edet_lat,WS,COLUMN_MAJOR,WS-CM,16,16384,16,4,55296.0,25621,0.006440029663166934,127.89508606221459,1.0,34078720.0
EfficientDet-Lite0,3,edet_lat,WS,CHANNEL_MAJOR,WS-ChM,16,16384,16,4,55736.32,25825,0.0063891577928363984,126.88480154888674,1.007962962962963,34343040.0
EfficientDet-Lite0,4,edet_p5,OS,ROW_MAJOR,OS-RM,16,16384,16,4,95223.0,628,0.9761146496815286,23480.254777070062,1.0246965392561984,95645680.0
EfficientDet-Lite0,4,edet_p5,OS,COLUMN_MAJOR,OS-CM,16,16384,16,4,94201.99999999999,621,0.9871175523349437,23744.927536231884,1.013709538567493,94660080.0
EfficientDet-Lite0,4,edet_p5,OS,CHANNEL_MAJOR,OS-ChM,16,16384,16,4,92928.0,613,1.0,24054.812398042413,1.0,93429760.0
EfficientDet-Lite0,4,edet_p5,IS,ROW_MAJOR,IS-RM,16,16384,16,4,92928.0,4713,0.13006577551453427,3128.70782940802,1.0,93429760.0
EfficientDet-Lite0,4,edet_p5,IS,COLUMN_MAJOR,IS-CM,16,16384,16,4,93808.64,4757,0.1288627286104688,3099.7687618246796,1.0094765840220385,94279840.0
EfficientDet-Lite0,4,edet_p5,IS,CHANNEL_MAJOR,IS-ChM,16,16384,16,4,94387.2,4787,0.12805514936285775,3080.3425945268436,1.015702479338843,94838720.0
EfficientDet-Lite0,4,edet_p5,WS,ROW_MAJOR,WS-RM,16,16384,16,4,104642.56,7536,0.08134288747346072,1956.687898089172,1.126060606060606,104742320.0
EfficientDet-Lite0,4,edet_p5,WS,COLUMN_MAJOR,WS-CM,16,16384,16,4,92928.0,6693,0.09158822650530404,2203.1376064545047,1.0,93429760.0
EfficientDet-Lite0,4,edet_p5,WS,CHANNEL_MAJOR,WS-ChM,16,16384,16,4,99276.79999999999,7150,0.08573426573426574,2062.3216783216785,1.06831955922865,99560640.0
DS-CNN-KWS,1,kws_t1,OS,ROW_MAJOR,OS-RM,16,16384,16,4,74115.2,104,0.7019230769230769,8684.307692307691,1.4381248059608815,2415952.0
DS-CNN-KWS,1,kws_t1,OS,COLUMN_MAJOR,OS-CM,16,16384,16,4,65585.28,92,0.7934782608695652,9817.04347826087,1.2726109903756597,2163952.0
DS-CNN-KWS,1,kws_t1,OS,CHANNEL_MAJOR,OS-ChM,16,16384,16,4,51536.0,73,1.0,12372.164383561643,1.0,1748992.0
DS-CNN-KWS,1,kws_t1,IS,ROW_MAJOR,IS-RM,16,16384,16,4,51536.0,825,0.08848484848484849,1094.749090909091,1.0,1748992.0
DS-CNN-KWS,1,kws_t1,IS,COLUMN_MAJOR,IS-CM,16,16384,16,4,51630.10749999999,826,0.08837772397094432,1093.4237288135594,1.0018260536324122,1751232.0
DS-CNN-KWS,1,kws_t1,IS,CHANNEL_MAJOR,IS-ChM,16,16384,16,4,51692.84375,827,0.08827085852478839,1092.1015719467957,1.0030433822958709,1753472.0
DS-CNN-KWS,1,kws_t1,WS,ROW_MAJOR,WS-RM,16,16384,16,4,51786.24,796,0.09170854271356783,1134.6331658291458,1.004855634895995,1756272.0
DS-CNN-KWS,1,kws_t1,WS,COLUMN_MAJOR,WS-CM,16,16384,16,4,51536.0,793,0.09205548549810845,1138.9255989911728,1.0,1748992.0
DS-CNN-KWS,1,kws_t1,WS,CHANNEL_MAJOR,WS-ChM,16,16384,16,4,51694.719999999994,795,0.09182389937106918,1136.0603773584905,1.0030797888854392,1753472.0
DS-CNN-KWS,2,kws_t2,OS,ROW_MAJOR,OS-RM,16,16384,16,4,159795.2,2726,0.8587674247982392,21204.237710931768,1.1645522388059701,127976688.0
DS-CNN-KWS,2,kws_t2,OS,COLUMN_MAJOR,OS-CM,16,16384,16,4,151265.28,2580,0.9073643410852713,22404.167441860463,1.1023880597014926,121916368.0
DS-CNN-KWS,2,kws_t2,OS,CHANNEL_MAJOR,OS-ChM,16,16384,16,4,137216.0,2341,1.0,24691.47885519009,1.0,111935488.0
DS-CNN-KWS,2,kws_t2,IS,ROW_MAJOR,IS-RM,16,16384,16,4,137216.0,3093,0.7568703524086647,18688.248302618817,1.0,111935488.0
DS-CNN-KWS,2,kws_t2,IS,COLUMN_MAJOR,IS-CM,16,16384,16,4,143349.76,3231,0.7245434849891674,17890.050139275765,1.0447014925373135,116292848.0
DS-CNN-KWS,2,kws_t2,IS,CHANNEL_MAJOR,IS-ChM,16,16384,16,4,147430.4,3323,0.7044839000902798,17394.749322900992,1.0744402985074626,119191968.0
DS-CNN-KWS,2,kws_t2,WS,ROW_MAJOR,WS-RM,16,16384,16,4,142909.44,52413,0.04466449163375499,1102.832350752676,1.041492537313433,115980368.0
DS-CNN-KWS,2,kws_t2,WS,COLUMN_MAJOR,WS-CM,16,16384,16,4,137216.0,50325,0.04651763537009439,1148.5892101341283,1.0,111935488.0
DS-CNN-KWS,2,kws_t2,WS,CHANNEL_MAJOR,WS-ChM,16,16384,16,4,140277.76,51447,0.04550313915291465,1123.5397982389643,1.022313432835821,114110528.0
DS-CNN-KWS,3,kws_ds1,OS,ROW_MAJOR,OS-RM,16,16384,16,4,115660.8,641,0.9563182527301092,44167.78783151326,1.0458333333333334,107830848.0
DS-CNN-KWS,3,kws_ds1,OS,COLUMN_MAJOR,OS-CM,16,16384,16,4,113479.67999999998,629,0.9745627980922098,45010.41653418124,1.026111111111111,105930768.0
DS-CNN-KWS,3,kws_ds1,OS,CHANNEL_MAJOR,OS-ChM,16,16384,16,4,110592.0,613,1.0,46185.239804241435,1.0,103415808.0
DS-CNN-KWS,3,kws_ds1,IS,ROW_MAJOR,IS-RM,16,16384,16,4,110592.0,4805,0.12757544224765868,5892.10239334027,1.0,103415808.0
DS-CNN-KWS,3,kws_ds1,IS,COLUMN_MAJOR,IS-CM,16,16384,16,4,112179.19999999998,4873,0.125795198029961,5809.881387235789,1.0143518518518517,104797888.0
DS-CNN-KWS,3,kws_ds1,IS,CHANNEL_MAJOR,IS-ChM,16,16384,16,4,113228.80000000002,4919,0.12461882496442367,5755.550315104696,1.0238425925925927,105712368.0
DS-CNN-KWS,3,kws_ds1,WS,ROW_MAJOR,WS-RM,16,16384,16,4,122306.56000000001,13913,0.044059512685977145,2034.899159059872,1.105925925925926,113620128.0
DS-CNN-KWS,3,kws_ds1,WS,COLUMN_MAJOR,WS-CM,16,16384,16,4,110592.0,12581,0.0487242667514506,2250.341944201574,1.0,103415808.0
DS-CNN-KWS,3,kws_ds1,WS,CHANNEL_MAJOR,WS-ChM,16,16384,16,4,116940.79999999999,13303,0.04607983161692851,2128.2080733669095,1.0574074074074074,108945808.0
DS-CNN-KWS,4,kws_ds2,OS,ROW_MAJOR,OS-RM,16,16384,16,4,160752.00000000003,1196,0.9941471571906354,11835.933110367892,1.0063100961538463,176656224.0
DS-CNN-KWS,4,kws_ds2,OS,COLUMN_MAJOR,OS-CM,16,16384,16,4,160293.12,1193,0.9966471081307627,11865.696563285834,1.0034375,176162304.0
DS-CNN-KWS,4,kws_ds2,OS,CHANNEL_MAJOR,OS-ChM,16,16384,16,4,159744.0,1189,1.0,11905.61480235492,1.0,175570944.0
DS-CNN-KWS,4,kws_ds2,IS,ROW_MAJOR,IS-RM,16,16384,16,4,159744.0,9269,0.12827705254072716,1527.2171755313411,1.0,175570944.0
DS-CNN-KWS,4,kws_ds2,IS,COLUMN_MAJOR,IS-CM,16,16384,16,4,160931.84,9337,0.1273428296026561,1516.0946770911428,1.0074358974358975,176849984.0
DS-CNN-KWS,4,kws_ds2,IS,CHANNEL_MAJOR,IS-ChM,16,16384,16,4,161689.6,9381,0.12674554951497707,1508.9836904381195,1.0121794871794871,177665904.0
DS-CNN-KWS,4,kws_ds2,WS,ROW_MAJOR,WS-RM,16,16384,16,4,182517.75999999998,7683,0.15475725628009893,1842.4802811401796,1.1425641025641025,200096144.0
DS-CNN-KWS,4,kws_ds2,WS,COLUMN_MAJOR,WS-CM,16,16384,16,4,159744.0,6725,0.17680297397769518,2104.948104089219,1.0,175570944.0
DS-CNN-KWS,4,kws_ds2,WS,CHANNEL_MAJOR,WS-ChM,16,16384,16,4,171991.04,7240,0.16422651933701657,1955.217679558011,1.0766666666666667,188760064.0
ResNet-18,1,res18_l1,OS,ROW_MAJOR,OS-RM,16,16384,16,4,528588.8,9075,0.8292011019283747,25477.797024793388,1.2060747663551403,378710192.0
ResNet-18,1,res18_l1,OS,COLUMN_MAJOR,OS-CM,16,16384,16,4,494469.12,8489,0.8864412769466368,27236.542348922136,1.1282242990654205,357995792.0
ResNet-18,1,res18_l1,OS,CHANNEL_MAJOR,OS-ChM,16,16384,16,4,438272.0,7525,1.0,30725.71534883721,1.0,323878912.0
ResNet-18,1,res18_l1,IS,ROW_MAJOR,IS-RM,16,16384,16,4,438272.0,5445,1.382001836547291,42462.99504132231,1.0,323878912.0
ResNet-18,1,res18_l1,IS,COLUMN_MAJOR,IS-CM,16,16384,16,4,462469.11999999994,5745,1.309834638816362,40245.60626631854,1.0552102803738317,338568832.0
ResNet-18,1,res18_l1,IS,CHANNEL_MAJOR,IS-ChM,16,16384,16,4,478592.0,5945,1.2657695542472667,38891.67502102607,1.091997663551402,348357072.0
ResNet-18,1,res18_l1,WS,ROW_MAJOR,WS-RM,16,16384,16,4,443965.44,203462,0.036984793229202506,1136.3842289960778,1.0129906542056075,327335232.0
ResNet-18,1,res18_l1,WS,COLUMN_MAJOR,WS-CM,16,16384,16,4,438272.0,200853,0.0374652108756155,1151.145404848322,1.0,323878912.0
ResNet-18,1,res18_l1,WS,CHANNEL_MAJOR,WS-ChM,16,16384,16,4,441333.76,202256,0.03720532394589036,1143.1601930227039,1.0069859813084112,325737552.0
ResNet-18,2,res18_l2,OS,ROW_MAJOR,OS-RM,16,16384,16,4,262358.4,2738,0.8550036523009495,42222.60920379839,1.1699058219178082,191252096.0
ResNet-18,2,res18_l2,OS,COLUMN_MAJOR,OS-CM,16,16384,16,4,247650.55999999997,2585,0.9056092843326886,44721.66499032882,1.1043207762557077,182150416.0
ResNet-18,2,res18_l2,OS,CHANNEL_MAJOR,OS-ChM,16,16384,16,4,224256.0,2341,1.0,49382.95771038018,1.0,167673856.0
ResNet-18,2,res18_l2,IS,ROW_MAJOR,IS-RM,16,16384,16,4,224256.0,5397,0.43375949601630537,21420.326848249028,1.0,167673856.0
ResNet-18,2,res18_l2,IS,COLUMN_MAJOR,IS-CM,16,16384,16,4,230389.75999999998,5544,0.4222582972582973,20852.363636363636,1.027351598173516,171468976.0
ResNet-18,2,res18_l2,IS,CHANNEL_MAJOR,IS-ChM,16,16384,16,4,234470.4,5642,0.41492378589152784,20490.16377171216,1.0455479452054794,173994576.0
ResNet-18,2,res18_l2,WS,ROW_MAJOR,WS-RM,16,16384,16,4,235970.56,53105,0.044082478109405895,2176.923152245551,1.0522374429223744,174922496.0
ResNet-18,2,res18_l2,WS,COLUMN_MAJOR,WS-CM,16,16384,16,4,224256.0,50469,0.046384909548435674,2290.624026630209,1.0,167673856.0
ResNet-18,2,res18_l2,WS,CHANNEL_MAJOR,WS-ChM,16,16384,16,4,230604.8,51897,0.04510858045744456,2227.595121105266,1.028310502283105,171602256.0
ResNet-18,3,res18_l3,OS,ROW_MAJOR,OS-RM,16,16384,16,4,379142.99999999994,1217,0.9769926047658176,94992.19720624486,1.0242236125518671,395983056.0
ResNet-18,3,res18_l3,OS,COLUMN_MAJOR,OS-CM,16,16384,16,4,375150.4799999999,1204,0.9875415282392026,96017.86046511628,1.0134381483402488,392117376.0
ResNet-18,3,res18_l3,OS,CHANNEL_MAJOR,OS-ChM,16,16384,16,4,370176.0,1189,1.0,97229.18755256518,1.0,387301376.0
ResNet-18,3,res18_l3,IS,ROW_MAJOR,IS-RM,16,16384,16,4,370176.0,18633,0.06381151720066548,6204.341973917243,1.0,387301376.0
ResNet-18,3,res18_l3,IS,COLUMN_MAJOR,IS-CM,16,16384,16,4,373637.12,18807,0.06322114106449726,6146.940181847184,1.0093499308437068,390651856.0
ResNet-18,3,res18_l3,IS,CHANNEL_MAJOR,IS-ChM,16,16384,16,4,375910.4000000001,18921,0.06284023043179536,6109.904550499445,1.0154910096818812,392853216.0
ResNet-18,3,res18_l3,WS,ROW_MAJOR,WS-RM,16,16384,16,4,417034.24,29567,0.0402137518179051,3909.9504176954038,1.1265836791147994,432668656.0
ResNet-18,3,res18_l3,WS,COLUMN_MAJOR,WS-CM,16,16384,16,4,370176.0,26245,0.045303867403314914,4404.858220613451,1.0,387301376.0
ResNet-18,3,res18_l3,WS,CHANNEL_MAJOR,WS-ChM,16,16384,16,4,395571.2,28045,0.042396149046175786,4122.143127117133,1.0686030428769018,411888176.0
ResNet-18,4,res18_l4,OS,ROW_MAJOR,OS-RM,16,16384,16,4,1221133.2375,2348,0.9970187393526405,49235.73424190801,1.0031654487874606,1368382736.0
ResNet-18,4,res18_l4,OS,COLUMN_MAJOR,OS-CM,16,16384,16,4,1219347.065,2344,0.9987201365187713,49319.7542662116,1.0016981015049946,1366423296.0
ResNet-18,4,res18_l4,OS,CHANNEL_MAJOR,OS-ChM,16,16384,16,4,1217280.0,2341,1.0,49382.95771038018,1.0,1364156416.0
ResNet-18,4,res18_l4,IS,ROW_MAJOR,IS-RM,16,16384,16,4,1217280.0,73782,0.03172860589303624,1566.852403025128,1.0,1364156416.0
ResNet-18,4,res18_l4,IS,COLUMN_MAJOR,IS-CM,16,16384,16,4,1220587.52,73982,0.031642832040226,1562.6166364791436,1.0027171398527865,1367784096.0
ResNet-18,4,res18_l4,IS,CHANNEL_MAJOR,IS-ChM,16,16384,16,4,1222656.0,74107,0.031589458485703104,1559.9808924932868,1.004416403785489,1370053216.0
ResNet-18,4,res18_l4,WS,ROW_MAJOR,WS-RM,16,16384,16,4,1404712.96,19798,0.11824426709768664,5839.251641579957,1.1539768664563617,1569754256.0
ResNet-18,4,res18_l4,WS,COLUMN_MAJOR,WS-CM,16,16384,16,4,1217280.0,17157,0.13644576557673252,6738.09547123623,1.0,1364156416.0
ResNet-18,4,res18_l4,WS,CHANNEL_MAJOR,WS-ChM,16,16384,16,4,1318860.7999999998,18588,0.1259414676135141,6219.362169141382,1.0834490010515245,1475581856.0
TinyBERT,1,tbert_ffn1,OS,ROW_MAJOR,OS-RM,16,16384,16,4,157900.8,176,0.9375,95325.09090909091,1.0708333333333333,102443504.0
TinyBERT,1,tbert_ffn1,OS,COLUMN_MAJOR,OS-CM,16,16384,16,4,153108.47999999998,171,0.9649122807017544,98112.37426900584,1.038333333333333,99461504.0
TinyBERT,1,tbert_ffn1,OS,CHANNEL_MAJOR,OS-ChM,16,16384,16,4,147456.0,165,1.0,101680.09696969697,1.0,95944704.0
TinyBERT,1,tbert_ffn1,IS,ROW_MAJOR,IS-RM,16,16384,16,4,147456.0,4229,0.039016315913927645,3967.1827855284937,1.0,95944704.0
TinyBERT,1,tbert_ffn1,IS,COLUMN_MAJOR,IS-CM,16,16384,16,4,149872.64,4298,0.03838994881340158,3903.493718008376,1.016388888888889,97448304.0
TinyBERT,1,tbert_ffn1,IS,CHANNEL_MAJOR,IS-ChM,16,16384,16,4,151449.6,4343,0.03799217131015427,3863.0476629058253,1.0270833333333333,98429424.0
TinyBERT,1,tbert_ffn1,WS,ROW_MAJOR,WS-RM,16,16384,16,4,167772.16,18938,0.008712641250396029,885.9022072024501,1.1377777777777778,108585584.0
TinyBERT,1,tbert_ffn1,WS,COLUMN_MAJOR,WS-CM,16,16384,16,4,147456.0,16645,0.009912886752778613,1007.9432862721538,1.0,95944704.0
TinyBERT,1,tbert_ffn1,WS,CHANNEL_MAJOR,WS-ChM,16,16384,16,4,159907.83999999997,18050,0.009141274238227148,929.485650969529,1.0844444444444443,103692304.0
TinyBERT,2,tbert_ffn2,OS,ROW_MAJOR,OS-RM,16,16384,16,4,150528.0,560,0.9803571428571428,29959.314285714285,1.0208333333333333,154053104.0
TinyBERT,2,tbert_ffn2,OS,COLUMN_MAJOR,OS-CM,16,16384,16,4,149176.32,555,0.9891891891891892,30229.21801801802,1.0116666666666667,152707424.0
TinyBERT,2,tbert_ffn2,OS,CHANNEL_MAJOR,OS-ChM,16,16384,16,4,147456.0,549,1.0,30559.59198542805,1.0,150994944.0
TinyBERT,2,tbert_ffn2,IS,ROW_MAJOR,IS-RM,16,16384,16,4,147456.0,4229,0.12981792385906835,3967.1827855284937,1.0,150994944.0
TinyBERT,2,tbert_ffn2,IS,COLUMN_MAJOR,IS-CM,16,16384,16,4,162529.28,4661,0.11778588285775585,3599.4885217764427,1.1022222222222222,166000704.0
TinyBERT,2,tbert_ffn2,IS,CHANNEL_MAJOR,IS-ChM,16,16384,16,4,172032.0,4933,0.11129130346645044,3401.01682546118,1.1666666666666667,175461344.0
TinyBERT,2,tbert_ffn2,WS,ROW_MAJOR,WS-RM,16,16384,16,4,157941.76,70475,0.007789996452642781,238.0591131606953,1.0711111111111111,161433904.0
TinyBERT,2,tbert_ffn2,WS,COLUMN_MAJOR,WS-CM,16,16384,16,4,147456.0,65797,0.00834384546407891,254.98451297171604,1.0,150994944.0
TinyBERT,2,tbert_ffn2,WS,CHANNEL_MAJOR,WS-ChM,16,16384,16,4,153149.44,68337,0.008033715264059002,245.50706059674846,1.0386111111111112,156662704.0
TinyBERT,3,tbert_qkv,OS,ROW_MAJOR,OS-RM,16,16384,16,4,52224.0,175,0.9428571428571428,23967.45142857143,1.0625,40042496.0
TinyBERT,3,tbert_qkv,OS,COLUMN_MAJOR,OS-CM,16,16384,16,4,50872.31999999999,170,0.9705882352941176,24672.376470588235,1.035,39032816.0
TinyBERT,3,tbert_qkv,OS,CHANNEL_MAJOR,OS-ChM,16,16384,16,4,49152.0,165,1.0,25420.024242424242,1.0,37748736.0
TinyBERT,3,tbert_qkv,IS,ROW_MAJOR,IS-RM,16,16384,16,4,49152.0,1157,0.14261019878997408,3625.1547104580814,1.0,37748736.0
TinyBERT,3,tbert_qkv,IS,COLUMN_MAJOR,IS-CM,16,16384,16,4,51568.64,1213,0.13602638087386645,3457.7938994229185,1.0491666666666666,39553056.0
TinyBERT,3,tbert_qkv,IS,CHANNEL_MAJOR,IS-ChM,16,16384,16,4,53145.600000000006,1251,0.13189448441247004,3352.7609912070343,1.08125,40730176.0
TinyBERT,3,tbert_qkv,WS,ROW_MAJOR,WS-RM,16,16384,16,4,52264.95999999999,17495,0.00943126607602172,239.7430122892255,1.0633333333333332,40072736.0
TinyBERT,3,tbert_qkv,WS,COLUMN_MAJOR,WS-CM,16,16384,16,4,49152.0,16453,0.01002856621892664,254.926396401872,1.0,37748736.0
TinyBERT,3,tbert_qkv,WS,CHANNEL_MAJOR,WS-ChM,16,16384,16,4,50913.28,17042,0.009681962211008097,246.11571411806125,1.0358333333333334,39063616.0
TinyBERT,4,tbert_out,OS,ROW_MAJOR,OS-RM,16,16384,16,4,157900.8,176,0.9375,95325.09090909091,1.0708333333333333,102443504.0
TinyBERT,4,tbert_out,OS,COLUMN_MAJOR,OS-CM,16,16384,16,4,153108.47999999998,171,0.9649122807017544,98112.37426900584,1.038333333333333,99461504.0
TinyBERT,4,tbert_out,OS,CHANNEL_MAJOR,OS-ChM,16,16384,16,4,147456.0,165,1.0,101680.09696969697,1.0,95944704.0
TinyBERT,4,tbert_out,IS,ROW_MAJOR,IS-RM,16,16384,16,4,147456.0,4229,0.039016315913927645,3967.1827855284937,1.0,95944704.0
TinyBERT,4,tbert_out,IS,COLUMN_MAJOR,IS-CM,16,16384,16,4,149872.64,4298,0.03838994881340158,3903.493718008376,1.016388888888889,97448304.0
TinyBERT,4,tbert_out,IS,CHANNEL_MAJOR,IS-ChM,16,16384,16,4,151449.6,4343,0.03799217131015427,3863.0476629058253,1.0270833333333333,98429424.0
TinyBERT,4,tbert_out,WS,ROW_MAJOR,WS-RM,16,16384,16,4,167772.16,18938,0.008712641250396029,885.9022072024501,1.1377777777777778,108585584.0
TinyBERT,4,tbert_out,WS,COLUMN_MAJOR,WS-CM,16,16384,16,4,147456.0,16645,0.009912886752778613,1007.9432862721538,1.0,95944704.0
TinyBERT,4,tbert_out,WS,CHANNEL_MAJOR,WS-ChM,16,16384,16,4,159907.83999999997,18050,0.009141274238227148,929.485650969529,1.0844444444444443,103692304.0
U-Net,1,unet_enc1,OS,ROW_MAJOR,OS-RM,16,16384,16,4,384780.8,261,0.6934865900383141,18078.896551724138,1.4421204125689613,8725648.0
U-Net,1,unet_enc1,OS,COLUMN_MAJOR,OS-CM,16,16384,16,4,340216.32,230,0.7869565217391304,20515.61739130435,1.275097145598465,7851488.0
U-Net,1,unet_enc1,OS,CHANNEL_MAJOR,OS-ChM,16,16384,16,4,266816.0,181,1.0,26069.56906077348,1.0,6412288.0
U-Net,1,unet_enc1,IS,ROW_MAJOR,IS-RM,16,16384,16,4,266816.0,4137,0.0437515107565869,1140.583031182016,1.0,6412288.0
U-Net,1,unet_enc1,IS,COLUMN_MAJOR,IS-CM,16,16384,16,4,267307.5475,4144,0.04367760617760618,1138.6563706563707,1.0018422714529862,6421808.0
U-Net,1,unet_enc1,IS,CHANNEL_MAJOR,IS-ChM,16,16384,16,4,267635.24375,4149,0.043624969872258376,1137.2841648590022,1.0030704446135166,6427968.0
U-Net,1,unet_enc1,WS,ROW_MAJOR,WS-RM,16,16384,16,4,267066.24,4108,0.0440603700097371,1148.634858812074,1.0009378747901174,6416768.0
U-Net,1,unet_enc1,WS,COLUMN_MAJOR,WS-CM,16,16384,16,4,266816.0,4105,0.0440925700365408,1149.474299634592,1.0,6412288.0
U-Net,1,unet_enc1,WS,CHANNEL_MAJOR,WS-ChM,16,16384,16,4,266974.72,4107,0.044071098125152176,1148.9145361577794,1.0005948668745501,6415088.0
U-Net,2,unet_enc2,OS,ROW_MAJOR,OS-RM,16,16384,16,4,329318.4,2851,0.8211153981059277,52962.09891266222,1.2181818181818183,227755056.0
U-Net,2,unet_enc2,OS,COLUMN_MAJOR,OS-CM,16,16384,16,4,307036.16000000003,2658,0.8807373965387509,56807.729119638825,1.135757575757576,214899136.0
U-Net,2,unet_enc2,OS,CHANNEL_MAJOR,OS-ChM,16,16384,16,4,270336.0,2341,1.0,64500.18966253738,1.0,193724416.0
U-Net,2,unet_enc2,IS,ROW_MAJOR,IS-RM,16,16384,16,4,270336.0,5637,0.41529182189107683,26786.401277275145,1.0,193724416.0
U-Net,2,unet_enc2,IS,COLUMN_MAJOR,IS-CM,16,16384,16,4,278312.96,5803,0.40341202826124417,26020.152334999137,1.0295075757575758,198326496.0
U-Net,2,unet_enc2,IS,CHANNEL_MAJOR,IS-ChM,16,16384,16,4,283622.4,5914,0.395840378762259,25531.779506256342,1.0491477272727274,201390256.0
U-Net,2,unet_enc2,WS,ROW_MAJOR,WS-RM,16,16384,16,4,282050.56,68681,0.03408511815494824,2198.4965856641575,1.0433333333333332,200483056.0
U-Net,2,unet_enc2,WS,COLUMN_MAJOR,WS-CM,16,16384,16,4,270336.0,65829,0.03556183444986252,2293.745066763888,1.0,193724416.0
U-Net,2,unet_enc2,WS,CHANNEL_MAJOR,WS-ChM,16,16384,16,4,276684.8,67374,0.034746341318609555,2241.1456051295754,1.0234848484848484,197387376.0
U-Net,3,unet_dec2,OS,ROW_MAJOR,OS-RM,16,16384,16,4,299827.2,5151,0.9017666472529606,29313.714618520677,1.1090909090909091,292147216.0
U-Net,3,unet_dec2,OS,COLUMN_MAJOR,OS-CM,16,16384,16,4,288686.08,4960,0.936491935483871,30442.529032258066,1.0678787878787879,282694416.0
U-Net,3,unet_dec2,OS,CHANNEL_MAJOR,OS-ChM,16,16384,16,4,270336.0,4645,1.0,32506.98471474704,1.0,267124736.0
U-Net,3,unet_dec2,IS,ROW_MAJOR,IS-RM,16,16384,16,4,270336.0,5637,0.8240198687244988,26786.401277275145,1.0,267124736.0
U-Net,3,unet_dec2,IS,COLUMN_MAJOR,IS-CM,16,16384,16,4,286515.2,5974,0.7775359892869099,25275.3505189153,1.0598484848484848,280852016.0
U-Net,3,unet_dec2,IS,CHANNEL_MAJOR,IS-ChM,16,16384,16,4,297267.2,6198,0.7494353017102291,24361.881897386254,1.099621212121212,289974976.0
U-Net,3,unet_dec2,WS,ROW_MAJOR,WS-RM,16,16384,16,4,281559.04000000004,136818,0.03395021122951659,1103.618997500329,1.0415151515151517,276646976.0
U-Net,3,unet_dec2,WS,COLUMN_MAJOR,WS-CM,16,16384,16,4,270336.0,131365,0.03535949453811898,1149.4305484718152,1.0,267124736.0
U-Net,3,unet_dec2,WS,CHANNEL_MAJOR,WS-ChM,16,16384,16,4,276346.88,134285,0.03459060952451875,1124.4364150873143,1.0222348484848485,272224656.0
U-Net,4,unet_dec1,OS,ROW_MAJOR,OS-RM,16,16384,16,4,470630.4000000001,10578,0.8747400264700321,14274.43221781055,1.1432835820895524,397019536.0
U-Net,4,unet_dec1,OS,COLUMN_MAJOR,OS-CM,16,16384,16,4,448348.16000000003,10077,0.9182296318348715,14984.116701399225,1.0891542288557214,380010096.0
U-Net,4,unet_dec1,OS,CHANNEL_MAJOR,OS-ChM,16,16384,16,4,411648.0,9253,1.0,16318.485248027666,1.0,351993856.0
U-Net,4,unet_dec1,IS,ROW_MAJOR,IS-RM,16,16384,16,4,411648.0,5253,1.7614696363982487,28744.516276413477,1.0,351993856.0
U-Net,4,unet_dec1,IS,COLUMN_MAJOR,IS-CM,16,16384,16,4,443217.92,5655,1.6362511052166224,26701.13952254642,1.0766915422885572,376093456.0
U-Net,4,unet_dec1,IS,CHANNEL_MAJOR,IS-ChM,16,16384,16,4,464256.0,5924,1.561951384199865,25488.68062120189,1.1277985074626866,392153696.0
U-Net,4,unet_dec1,WS,ROW_MAJOR,WS-RM,16,16384,16,4,414453.76000000007,264008,0.03504818035817096,571.9332141450259,1.00681592039801,354135296.0
U-Net,4,unet_dec1,WS,COLUMN_MAJOR,WS-CM,16,16384,16,4,411648.0,262221,0.035287028880219354,575.8308602285858,1.0,351993856.0
U-Net,4,unet_dec1,WS,CHANNEL_MAJOR,WS-ChM,16,16384,16,4,413150.72000000003,263178,0.035158713874260006,573.7369536967376,1.0036504975124378,353140736.0
SSD-MobileNet,1,ssd_feat,OS,ROW_MAJOR,OS-RM,16,16384,16,4,61440.6375,709,0.8645980253878702,18769.963328631875,1.1573356973327305,42192656.0
SSD-MobileNet,1,ssd_feat,OS,COLUMN_MAJOR,OS-CM,16,16384,16,4,58194.345,671,0.9135618479880775,19832.941877794336,1.0961864263110308,40139136.0
SSD-MobileNet,1,ssd_feat,OS,CHANNEL_MAJOR,OS-ChM,16,16384,16,4,53088.0,613,1.0,21709.468189233277,1.0,36909056.0
SSD-MobileNet,1,ssd_feat,IS,ROW_MAJOR,IS-RM,16,16384,16,4,53088.0,1518,0.4038208168642951,8766.735177865612,1.0,36909056.0
SSD-MobileNet,1,ssd_feat,IS,COLUMN_MAJOR,IS-CM,16,16384,16,4,54502.4,1558,0.39345314505776635,8541.658536585366,1.0266425557564798,37803376.0
SSD-MobileNet,1,ssd_feat,IS,CHANNEL_MAJOR,IS-ChM,16,16384,16,4,55443.19999999999,1585,0.3867507886435331,8396.153943217665,1.0443640747438214,38398656.0
SSD-MobileNet,1,ssd_feat,WS,ROW_MAJOR,WS-RM,16,16384,16,4,56016.63999999999,12270,0.04995925020374898,1084.5887530562347,1.0551657625075346,38761536.0
SSD-MobileNet,1,ssd_feat,WS,COLUMN_MAJOR,WS-CM,16,16384,16,4,53088.0,11629,0.052713044973772466,1144.3721730157365,1.0,36909056.0
SSD-MobileNet,1,ssd_feat,WS,CHANNEL_MAJOR,WS-ChM,16,16384,16,4,54675.2,11976,0.05118570474281897,1111.2144288577153,1.0298975286317058,37912576.0
SSD-MobileNet,2,ssd_head1,OS,ROW_MAJOR,OS-RM,16,16384,16,4,95223.0,628,0.9761146496815286,23480.254777070062,1.0246965392561984,95645680.0
SSD-MobileNet,2,ssd_head1,OS,COLUMN_MAJOR,OS-CM,16,16384,16,4,94201.99999999999,621,0.9871175523349437,23744.927536231884,1.013709538567493,94660080.0
SSD-MobileNet,2,ssd_head1,OS,CHANNEL_MAJOR,OS-ChM,16,16384,16,4,92928.0,613,1.0,24054.812398042413,1.0,93429760.0
SSD-MobileNet,2,ssd_head1,IS,ROW_MAJOR,IS-RM,16,16384,16,4,92928.0,4713,0.13006577551453427,3128.70782940802,1.0,93429760.0
SSD-MobileNet,2,ssd_head1,IS,COLUMN_MAJOR,IS-CM,16,16384,16,4,93808.64,4757,0.1288627286104688,3099.7687618246796,1.0094765840220385,94279840.0
SSD-MobileNet,2,ssd_head1,IS,CHANNEL_MAJOR,IS-ChM,16,16384,16,4,94387.2,4787,0.12805514936285775,3080.3425945268436,1.015702479338843,94838720.0
SSD-MobileNet,2,ssd_head1,WS,ROW_MAJOR,WS-RM,16,16384,16,4,104642.56,7536,0.08134288747346072,1956.687898089172,1.126060606060606,104742320.0
SSD-MobileNet,2,ssd_head1,WS,COLUMN_MAJOR,WS-CM,16,16384,16,4,92928.0,6693,0.09158822650530404,2203.1376064545047,1.0,93429760.0
SSD-MobileNet,2,ssd_head1,WS,CHANNEL_MAJOR,WS-ChM,16,16384,16,4,99276.79999999999,7150,0.08573426573426574,2062.3216783216785,1.06831955922865,99560640.0
SSD-MobileNet,3,ssd_head2,OS,ROW_MAJOR,OS-RM,16,16384,16,4,305495.4375,1192,0.99748322147651,12370.469798657718,1.0032295525299495,338649840.0
SSD-MobileNet,3,ssd_head2,OS,COLUMN_MAJOR,OS-CM,16,16384,16,4,305039.625,1191,0.998320738874895,12380.856423173804,1.0017326903373267,338150320.0
SSD-MobileNet,3,ssd_head2,OS,CHANNEL_MAJOR,OS-ChM,16,16384,16,4,304512.0,1189,1.0,12401.682085786375,1.0,337571840.0
SSD-MobileNet,3,ssd_head2,IS,ROW_MAJOR,IS-RM,16,16384,16,4,304512.0,18462,0.0644025566027516,798.7000324991875,1.0,337571840.0
SSD-MobileNet,3,ssd_head2,IS,COLUMN_MAJOR,IS-CM,16,16384,16,4,305346.56000000006,18512,0.0642286084701815,796.542783059637,1.0027406473308114,338486880.0
SSD-MobileNet,3,ssd_head2,IS,CHANNEL_MAJOR,IS-ChM,16,16384,16,4,305868.8,18544,0.06411777394305436,795.1682484900776,1.0044556536359814,339059200.0
SSD-MobileNet,3,ssd_head2,WS,ROW_MAJOR,WS-RM,16,16384,16,4,351370.24,5027,0.23652277700417745,2933.280286453153,1.153879781420765,388949600.0
SSD-MobileNet,3,ssd_head2,WS,COLUMN_MAJOR,WS-CM,16,16384,16,4,304512.0,4357,0.2728941932522378,3384.3470277714023,1.0,337571840.0
SSD-MobileNet,3,ssd_head2,WS,CHANNEL_MAJOR,WS-ChM,16,16384,16,4,329907.19999999995,4720,0.25190677966101693,3124.0677966101694,1.083396385035729,365416160.0
SSD-MobileNet,4,ssd_head3,OS,ROW_MAJOR,OS-RM,16,16384,16,4,594780.6375,2342,0.9995730145175064,4533.233134073442,1.0005865052688954,666226208.0
SSD-MobileNet,4,ssd_head3,OS,COLUMN_MAJOR,OS-CM,16,16384,16,4,594618.345,2341,1.0,4535.16958564716,1.000313484132752,666045328.0
SSD-MobileNet,4,ssd_head3,OS,CHANNEL_MAJOR,OS-ChM,16,16384,16,4,594432.0,2341,1.0,4535.16958564716,1.0,665837568.0
SSD-MobileNet,4,ssd_head3,IS,ROW_MAJOR,IS-RM,16,16384,16,4,594432.0,36878,0.06347958132219751,287.89066652204565,1.0,665837568.0
SSD-MobileNet,4,ssd_head3,IS,COLUMN_MAJOR,IS-CM,16,16384,16,4,595215.36,36926,0.0633970643990684,287.51643828196933,1.0013178294573644,666711168.0
SSD-MobileNet,4,ssd_head3,IS,CHANNEL_MAJOR,IS-ChM,16,16384,16,4,595699.2,36956,0.06334560017317892,287.28303928996644,1.0021317829457363,667251008.0
SSD-MobileNet,4,ssd_head3,WS,ROW_MAJOR,WS-RM,16,16384,16,4,685527.0399999999,5319,0.4401203233690543,1996.020304568528,1.153247200689061,767468048.0
SSD-MobileNet,4,ssd_head3,WS,COLUMN_MAJOR,WS-CM,16,16384,16,4,594432.0,4613,0.5074788640797746,2301.5027097333623,1.0,665837568.0
SSD-MobileNet,4,ssd_head3,WS,CHANNEL_MAJOR,WS-ChM,16,16384,16,4,643420.16,4993,0.468856398958542,2126.34328059283,1.082411714039621,720491328.0
